{
    "id": 99999,
    "name": "SBB IT Developer Day 10th Anniversary",
    "location": "Gurten",
    "date": "10.12.2014",
    "speakers": [
        {
            "id": 1,
            "name": "Florian",
            "surname": "Brunner",
            "email": "",
            "company": "IT-SWE",
            "picture": "images/referenten/01.jpg",
            "bio": ""
        },
        {
            "id": 2,
            "name": "Raoul",
            "surname": "Pärli",
            "email": "",
            "company": "IT-SWE",
            "picture": "images/referenten/02.jpg",
            "bio": ""
        },
        {
            "id": 3,
            "name": "Michael",
            "surname": "Esser",
            "email": "",
            "company": "IT-SWE",
            "picture": "images/referenten/03.jpg",
            "bio": ""
        },
        {
            "id": 4,
            "name": "Lukas",
            "surname": "Gehrig",
            "email": "",
            "company": "IT-AQ",
            "picture": "images/referenten/04.jpg",
            "bio": ""
        },
        {
            "id": 5,
            "name": "Jürgen",
            "surname": "Höller",
            "email": "",
            "company": "Pivotal",
            "picture": "images/referenten/05.jpg",
            "bio": ""
        },
        {
            "id": 6,
            "name": "Stefan",
            "surname": "Kühnel",
            "email": "",
            "company": "IT-SCP",
            "picture": "images/referenten/06.jpg",
            "bio": ""
        },
        {
            "id": 7,
            "name": "Philip",
            "surname": "Oser",
            "email": "",
            "company": "IT-SWE",
            "picture": "images/referenten/07.jpg",
            "bio": ""
        },
        {
            "id": 8,
            "name": "Simon",
            "surname": "Martinelli",
            "email": "",
            "company": "simas GmbH",
            "picture": "images/referenten/08.jpg",
            "bio": ""
        },
        {
            "id": 9,
            "name": "Beat",
            "surname": "Rigazzi",
            "email": "",
            "company": "IT-SCI",
            "picture": "images/referenten/09.jpg",
            "bio": ""
        },
        {
            "id": 10,
            "name": "Robert",
            "surname": "Hegi",
            "email": "",
            "company": "IT-AQ",
            "picture": "images/referenten/10.jpg",
            "bio": ""
        },
        {
            "id": 11,
            "name": "Manuel",
            "surname": "Schulz",
            "email": "",
            "company": "IT-OM",
            "picture": "images/referenten/11.jpg",
            "bio": ""
        },
        {
            "id": 12,
            "name": "Baltisar",
            "surname": "Oswald",
            "email": "",
            "company": "IT-SWE",
            "picture": "images/referenten/12.jpg",
            "bio": ""
        },
        {
            "id": 13,
            "name": "Philipp",
            "surname": "Rossmanith",
            "email": "",
            "company": "IT-AQ",
            "picture": "images/referenten/13.jpg",
            "bio": ""
        },
        {
            "id": 14,
            "name": "Peter",
            "surname": "Leuenberger",
            "email": "",
            "company": "IT-SWE",
            "picture": "images/referenten/14.jpg",
            "bio": ""
        },
        {
            "id": 15,
            "name": "Patrick",
            "surname": "Jeckelmann",
            "email": "",
            "company": "IT-SWE",
            "picture": "images/referenten/15.jpg",
            "bio": ""
        },
        {
            "id": 16,
            "name": "Peter",
            "surname": "Brunner",
            "email": "",
            "company": "IT-SWE",
            "picture": "images/referenten/16.jpg",
            "bio": ""
        },
        {
            "id": 17,
            "name": "Peter",
            "surname": "Wick",
            "email": "",
            "company": "IT-SWE",
            "picture": "images/referenten/17.jpg",
            "bio": ""
        },
        {
            "id": 18,
            "name": "Jonas",
            "surname": "Bandi",
            "email": "",
            "company": "IvoryCode GmbH",
            "picture": "images/referenten/18.jpg",
            "bio": ""
        },
        {
            "id": 19,
            "name": "Eva",
            "surname": "Siegenthaler",
            "email": "",
            "company": "IT-SWE",
            "picture": "images/referenten/19.jpg",
            "bio": ""
        },
        {
            "id": 20,
            "name": "Andreas",
            "surname": "Badstöber",
            "email": "",
            "company": "IT-SWE",
            "picture": "images/referenten/20.jpg",
            "bio": ""
        },
        {
            "id": 21,
            "name": "Thomas",
            "surname": "Probst",
            "email": "",
            "company": "IT-SWE",
            "picture": "images/referenten/21.jpg",
            "bio": ""
        },
        {
            "id": 22,
            "name": "Simon",
            "surname": "Butscher",
            "email": "",
            "company": "IT-SWE",
            "picture": "images/referenten/22.jpg",
            "bio": ""
        },
        {
            "id": 23,
            "name": "Dominik",
            "surname": "Schmucki",
            "email": "",
            "company": "IT-SWE",
            "picture": "images/referenten/23.jpg",
            "bio": ""
        },
        {
            "id": 24,
            "name": "Kaspar",
            "surname": "Käser",
            "email": "",
            "company": "IT-SWE",
            "picture": "images/referenten/24.jpg",
            "bio": ""
        },
        {
            "id": 25,
            "name": "Erwann",
            "surname": "Wernli",
            "email": "",
            "company": "IT-SWE",
            "picture": "images/referenten/25.jpg",
            "bio": ""
        },
        {
            "id": 26,
            "name": "Roger",
            "surname": "Wetzel",
            "email": "",
            "company": "IT-SWE",
            "picture": "images/referenten/26.jpg",
            "bio": ""
        },
        {
            "id": 27,
            "name": "Philippe",
            "surname": "Robert",
            "email": "",
            "company": "IT-SWE",
            "picture": "images/referenten/27.jpg",
            "bio": ""
        },
        {
            "id": 28,
            "name": "Michael",
            "surname": "Krausse",
            "email": "",
            "company": "IT-SWE",
            "picture": "images/referenten/28.jpg",
            "bio": ""
        },
        {
            "id": 29,
            "name": "Stefan",
            "surname": "Zeller",
            "email": "",
            "company": "IT-SWE",
            "picture": "images/referenten/29.jpg",
            "bio": ""
        },
        {
            "id": 31,
            "name": "Bernhard",
            "surname": "Rytz",
            "email": "",
            "company": "IT-AQ",
            "picture": "images/referenten/31.jpg",
            "bio": ""
        },
        {
            "id": 32,
            "name": "Ernst",
            "surname": "Kammermann-Gerber",
            "email": "",
            "company": "IT-AQ",
            "picture": "images/referenten/32.jpg",
            "bio": ""
        },
        {
            "id": 33,
            "name": "Cengis",
            "surname": "Cetinkaya",
            "email": "",
            "company": "IT-OM",
            "picture": "images/referenten/33.jpg",
            "bio": ""
        },
        {
            "id": 34,
            "name": "Gilles",
            "surname": "Zimmermann",
            "email": "",
            "company": "IT-SWE",
            "picture": "images/referenten/34.jpg",
            "bio": ""
        },
        {
            "id": 35,
            "name": "Alina Maria",
            "surname": "Mylka",
            "email": "",
            "company": "IT-SWE",
            "picture": "images/referenten/35.jpg",
            "bio": ""
        },
        {
            "id": 37,
            "name": "Patrick",
            "surname": "Spiegel",
            "email": "",
            "company": "IT-SWE",
            "picture": "images/referenten/37.jpg",
            "bio": ""
        },
        {
            "id": 38,
            "name": "Markus",
            "surname": "Färber",
            "email": "",
            "company": "IT-SCP",
            "picture": "images/referenten/38.jpg",
            "bio": ""
        },
        {
            "id": 39,
            "name": "Klaus",
            "surname": "Lechner",
            "email": "",
            "company": "IT-SCP",
            "picture": "images/referenten/39.jpg",
            "bio": ""
        },
        {
            "id": 40,
            "name": "Piotr",
            "surname": "Kowol",
            "email": "",
            "company": "IT-SCF",
            "picture": "images/referenten/40.jpg",
            "bio": ""
        },
        {
            "id": 41,
            "name": "Beat",
            "surname": "Maurer",
            "email": "",
            "company": "IT-SWE",
            "picture": "images/referenten/41.jpg",
            "bio": ""
        },
        {
            "id": 42,
            "name": "Martin",
            "surname": "Klausch",
            "email": "",
            "company": "IT-SWE",
            "picture": "images/referenten/42.jpg",
            "bio": ""
        },
        {
            "id": 43,
            "name": "Ronny",
            "surname": "Stauffer",
            "email": "",
            "company": "IT-SWE",
            "picture": "images/referenten/43.jpg",
            "bio": ""
        },
        {
            "id": 44,
            "name": "Peter",
            "surname": "Hirzel",
            "email": "",
            "company": "IT-SCP",
            "picture": "images/referenten/44.jpg",
            "bio": ""
        },
        {
            "id": 45,
            "name": "Florian",
            "surname": "Seidl",
            "email": "",
            "company": "IT-SWE",
            "picture": "images/referenten/45.jpg",
            "bio": ""
        },
        {
            "id": 46,
            "name": "Sebastian",
            "surname": "Graf",
            "email": "",
            "company": "IT-SWE",
            "picture": "images/referenten/46.jpg",
            "bio": ""
        },
        {
            "id": 47,
            "name": "Christian",
            "surname": "Eichenberger",
            "email": "",
            "company": "IT-SWE",
            "picture": "images/referenten/47.jpg",
            "bio": ""
        },
        {
            "id": 48,
            "name": "Christoph",
            "surname": "Glanzmann",
            "email": "",
            "company": "IT-SWE",
            "picture": "images/referenten/48.jpg",
            "bio": ""
        },
        {
            "id": 49,
            "name": "Nicolas",
            "surname": "Cotting",
            "email": "",
            "company": "IT-SWE",
            "picture": "",
            "bio": ""
        },
        {
            "id": 50,
            "name": "Peter",
            "surname": "Kummer",
            "email": "",
            "company": "IT",
            "picture": "",
            "bio": ""
        },
        {
            "id": 51,
            "name": "Daniel",
            "surname": "Marthaler",
            "email": "",
            "company": "IT-SWE",
            "picture": "",
            "bio": ""
        }
    ],
    "talks": [
        {
            "id": "intro",
            "title": "Intro und Begrüssung",
            "abstract": "",
            "speakerIds": [49, 50],
            "common": true
        },
        {
            "id": "keynote1",
            "title": "Keynote 1- Java Application Frameworks - 2004, 2014, 2024?",
            "abstract": "<p>Die Geschichte von Java im Enterprise-Umfeld ist eine Geschichte von Frameworks im Laufe der Zeit. Ein Rückblick auf die Entwicklung und vor allem die Weiterentwicklung von Spring neben Struts, Hibernate, EJB und CDI zeigt, dass im Java-Ökosystem niemand isoliert auf einer Insel lebt - weder Framework-Hersteller noch Anwendungsentwickler.</p><p>Diese Keynote legt dabei den Schwerpunkt auf die Co-Evolution von Frameworks und neuen Java-Sprachmitteln sowie neuen JDK-Libraries, insbesondere anhand von Java 5 (im Jahre 2004) und Java 8 (im Jahre 2014).</p>",
            "speakerIds": [5],
            "common": true
        },
        {
            "id": "keynote2",
            "title": "Keynote 2 - Variables won't; constants aren't – können Informatiker aus der Geschichte lernen?",
            "abstract": "<p>Wer weiss noch, wie die Informatik bei SBB vor 10 Jahren ausgesehen hat? Spielt das überhaupt eine Rolle? Können wir aus der unserer Geschichte etwas lernen oder ist Fortschritt in der IT eher ein „random walk“?</p><p>Die Präsentation beleuchtet einige Konstanten und Variablen der letzten Jahre auf den verschiedenen Ebenen: was waren die Prioritäten der SBB in Bezug auf IT? Wie war die IT organisiert? Was lief in der Methodik, was in der Technik?</p><p>Aus diesem Rückblick versuchen wir einige Muster herauszudestillieren und riskieren eine Prognose, wohin die Reise gehen könnte. Den Schluss widmen wir der Frage: was bedeutet dies für mich?</p>",
            "speakerIds": [31],
            "common": true
        },
        {
            "id": "pause",
            "title": "Pause",
            "abstract": "",
            "speakerIds": [],
            "common": true
        },
        {
            "id": "mittagessen",
            "title": "Mittagessen",
            "abstract": "",
            "speakerIds": [],
            "common": true
        },
        {
            "id": "1a",
            "title": "A1 – Events auf Knopfdruck – Regressionstests einer ereignis-gesteuerten, parallelisierten Applikation",
            "abstract": "<p>CUS 5 / Kihub wird in einem agilen Umfeld in 2-Wochen Sprints entwickelt. Die Applikation ist sehr stark ereignisgesteuert und parallelisiert. Regressionstests sind für dieses Projekt unabdingbar. So wurde alleine für die Testengine 290‘000.- SFr. budgetiert. Diese Testengine ist ein Tool für deklarative (XML) Regressionstests (DB, JMS, HTTP), welches von Grund auf entwickelt wurde. Sie lässt sich sowohl in die IDE als auch in Jenkins integrieren und wird von Tester ohne Java-Kenntnisse bedient.</p><p>Dieser Vortrag stellt zum ersten Mal diese Testengine und somit unseren Lösungsansatz vor, wie in diesem Projektumfeld hunderte wohl-definierte und automatisiert-wiederholbare Regressionstests aufgebaut wurden, um die Korrektheit der implementierten Funktionalitäten über den gesamten Projektablauf zu gewährleisten.</p>",
            "speakerIds": [1, 2],
            "common": false
        },
        {
            "id": "2a",
            "title": "A2 - Java Concurrency",
            "abstract": "<p>Nebenläufigkeit ist oft eine Voraussetzung für gute Skalierbarkeit und die effiziente Ausnutzung moderner und zukünftiger Mehrkernprozessoren. Sie ist mit Risiken, z.B. Deadlocks, Livelocks und Race-Conditions, verbunden und erhöht die Komplexität erheblich. Ohne gute Kenntnisse einschlägiger Modelle und Konzepte werden die möglichen Vorteile oft nicht erreicht, Verständlichkeit und Testbarkeit aber stark eingeschränkt. Manche Aufgaben eignen sich gut, andere dagegen schlecht für eine nebenläufige Verarbeitung. Dazu werden Kriterien vorgestellt und Beispiele gezeigt. Nebenläufigkeit kann in Frameworks integriert werden, um Anwendungsentwickler von den Gefahren und Schwierigkeiten zu isolieren. Das gelingt nur mit Einschränkungen und bringt neue Probleme mit sich. Applicationserver müssen den Umgang mit Nebenläufigkeit streng reglementieren, damit ihr internes Multithreading nicht kompromittiert wird.</p><p>Java unterstützt Nebenläufigkeit durch Spracheigenschaften und Elemente der Klassenbibliothek. Die Unterstützung wurde insbesondere auf höherer Ebene stark weiterentwickelt. Concurrency-Utilities, das Executor-Framework und Fork-Join-Pools erleichtern den sicheren Umgang mit Nebenläufigkeit. Java 8 führt neue Konzepte wie parallele Streams und funktionale Programmierung ein. Mit Beispielen wird gezeigt, welche Verbesserungen gegenüber sequentiellen Programmen möglich sind, welche Gefahren auftreten und wie Nebenläufigkeit durch den Einsatz moderner Konzepte relativ sicher und einfach genutzt werden kann.</p>",
            "speakerIds": [3],
            "common": false
        },
        {
            "id": "3a",
            "title": "A3 - Podiumsdiskussion - Wieviel Framework ist nötig?",
            "abstract": "<p>Frameworks können die Effizienz der Entwicklung erhöhen und die Wartung vereinfachen. Sie versprechen, insbesondere auf lange Sicht, Kosteneinsparungen. Andererseits schränken Frameworks die Freiheiten bei der Entwicklung und die Flexibilität ein. Sie bedeuten Lernaufwand, der sich erst nach längerem Einsatz rentiert. Es entsteht eine langfristige, starke Abhängigkeit, die sehr problematisch wird, wenn ein Framework nicht gut weiterentwickelt und fortlaufend den aktuellen Anforderungen angepasst wird. Die SBB entwickelt seit 2011 mit ESTA Entwicklungsstacks die den Einsatz bestimmter Frameworks regeln und durch eigene Bestandteile erweitern. Erste Erfahrungen im Projekteinsatz existieren bereits. Das alte SBB-interne im Bereich MVP vorgeschriebene MCA-Framework wird durch ESTA abgelöst.</p><ul><li>Welche Argumente sprechen für bzw. gegen den Einsatz von Frameworks?</li><li>Von welchen Faktoren hängt die Einsetzbarkeit von Frameworks ab?</li><li>Welche Framework-Eigenschaften sind für den Erfolg entscheidend (Modularität etc.)?</li><li>Welche Rahmenbedingungen (Projekt, Anwendung, ...) sind für den Erfolg entscheidend?</li><li>Welche Aufgaben sollen von einem Framework übernommen werden und welche von der Anwendung selbst?</li><li>Beispiele für erfolgreiche Framework-Nutzung und gescheiterte Versuche.</li></ul>",
            "speakerIds": [4, 5, 6, 7, 8, 9, 10],
            "common": false
        },
        {
            "id": "4a",
            "title": "A4 - ESTAINT: Evolution eines Frameworks für Message Broker",
            "abstract": "<p>Wir stellen euch ESTAINT, das neue Integrationsframework für IBM WebSphere Message Broker 7/Integration Bus 9, vor.</p><p>Dabei handelt es sich um die Evolution des existierenden Service-Oriented Framework (SOF). Es ist gemeinsam von IT-OM-PSV-APF, IT-SWE und IT-AQ-UA-INA entwickelt worden.</p><p>Im Vortrag gehen wir auf die Gründe für die Weiterentwicklung ein. Dabei stellen wir die Architektur und Hauptkomponenten des Frameworks vor, zeigen die neuen pattern-basierten Entwicklungsmethoden und den Brückenschlag zum INA-Schichtenmodell, SCHMOD, und runden das Ganze mit einer Live-Demo ab.</p>",
            "speakerIds": [3, 11, 12, 13],
            "common": false
        },
        {
            "id": "1b",
            "title": "B1 - Testautomation mobile Geräte und Lasttest-Kennzahlen",
            "abstract": "<p>Mit Perfecto Mobile können Testfälle für mobile Geräte automatisiert und für die gängigen Betriebssysteme (z.B. Android, iOS) abgespielt werden. Ausgehend von reinen UFT-Automaten (Unified Functional Tester, alt Quicktest Professional) zeigen wir die entsprechenden Implementierungsmöglichkeiten im Perfecto Mobile am Beispiel des Fahrplanautomaten.</p><p>Mit dem Tool Loadrunner führen wir basierend auf den nicht funktionalen Anforderungen und daraus resultierenden Testszenarien Last-, Performance- und Stresstests durch. Anhand aktueller Projekte erläutern wir die dabei gemessenen Kennzahlen und deren Bedeutung.</p>",
            "speakerIds": [14, 15, 16, 17],
            "common": false
        },
        {
            "id": "2b",
            "title": "B2 - Performante Java Enterprise Applikationen trotz O/R-Mapping",
            "abstract": "<p>Viele sogenannte Enterprise Applikationen leiden unter schlechter Performance. Häufig hervorgerufen durch den naiven Einsatz von objektrelationalem Mapping (ORM).</p><p>ORM gilt seit Jahren als de facto Standard für den Datenzugriff in Enterprise Applikationen und wurde mit der Java Persistence API (JPA) in Java/Java EE standardisiert. Daneben haben sich aber auch alternative Konzepte entwickelt, welche die Schwachstellen von ORM beheben sollen.</p><p>Der Vortag behandelt kurz die theoretischen Konzepte des ORM und deren praktische Umsetzung mit JPA.  Danach werden die häufigsten Performanceprobleme aufgezeigt und wie diese mit JPA-Bordmitteln gelöst werden können. Ausserdem wird kurz auf alternative Konzepte eingegangen.</p>",
            "speakerIds": [8],
            "common": false
        },
        {
            "id": "3b",
            "title": "B3 - Java und JavaScript: Neue beste Freunde",
            "abstract": "<p>Ein Trend zeichnet sich immer klarer ab: JavaScript erobert die Welt! Kaum jemand weiss jedoch, dass JavaScript ein Trademark von Oracle ist! Dies erstaunt umso mehr, weil sich die klassische Enterprise Entwicklung lange dagegen wehrte JavaScript als vollwertige Sprache oder Programmierplatform zu akzeptieren. Die Zeiten ändern sich jedoch und auch die klassische Enterprise Entwicklung muss mit der Zeit gehen und akzeptieren, dass JavaScript in Zukunft eine relevante Rolle spielen wird.</p><p>Mit Java 8 untermauert auch Oracle den Trend und verheiratet JavaScript erneut mit der JVM: Nashorn ist eine neue JavaScript Runtime, welche in Java geschrieben wurde und auf der JVM läuft. Nashorn macht eine nahtlose Integration zwischen Java und JavaScript möglich und erlaubt die Nutzung des reichhaltigen Java Ökosystems in JavaScript.</p><p>Avatar.js ist ein Projekt mit dem Ziel das Programmiermodel und das Ökosystem von Node.js auf die JVM zu bringen. Project Avatar ist eine experimentelle Web-Platform von Oracle, welche versucht die Schlichtheit von Node.js und die bewährten Konzepte von Java EE zusammenzuführen.</p><p>Dieser Vortrag ist eine Demo-getriebene Vorstellung von Nashorn und JavaScript auf der JVM.</p>",
            "speakerIds": [18],
            "common": false
        },
        {
            "id": "4b",
            "title": "B4 - Mehr Zeit fürs Wesentliche – dank Styleguide",
            "abstract": "<p>Bei den SBB existieren um die 1‘000 Anwendungen in verschiedensten Formen und Farben. Einheitliche Look & Feels sind allerdings eher eine Seltenheit. Immer wieder werden verschiedene Agenturen beauftragt, Benutzeroberflächen visuell zu gestalten. Dabei erfinden sie das Rad gestaltungsmässig immer wieder neu und erstellen die unterschiedlichsten Designs. Der Grund ist, dass es keine klaren Leitplanken für die visuelle Gestaltung der neuen Medien bei den SBB gibt. Es fehlen ausserdem Richtlinien, welche Usability-Aspekte berücksichtigen und Konsistenz über verschiedene Medien hinweg sicherstellen. Das führt in der Entwicklung dazu, dass UI-Elemente und CSS-Definitionen für jede Anwendung neu entwickelt werden müssen, eine Wiederverwendung ist aufwändig bis unmöglich.</p><p>Mit dem neuen Styleguide soll damit Schluss sein. Der neue Styleguide wird klare Definitionen des Visual Designs vorgeben und konkret aufzeigen, wie diese implementiert werden sollen. Entwickler können davon profitieren, da für sie der entsprechende Code für verschiedene Elemente und Komponenten (beispielsweise in Form von ESTA-JSF-Komponenten oder wiederverwendbaren CSS) bereits zur Verfügung steht. Wir wollen damit zur Vereinheitlichung des bestehenden Corporate Designs beitragen und so dem Ziel zu einem einheitlichen Look & Feel in der Welt der SBB Applikationen näher kommen. Für die Entwickler heisst das, mehr Zeit fürs Wesentliche wie die Logik der Anwendung oder die Umsetzung anderer nicht-funktionaler Anforderungen. Wir stellen euch unsere Vision vor und freuen uns auf eine angeregte Diskussion.</p>",
            "speakerIds": [19, 20, 21],
            "common": false
        },
        {
            "id": "1c",
            "title": "C1 - SAP? Mobile? Platform?",
            "abstract": "<p>In unserer Präsentation knüpfen wir an die Präsentation „Mobile Enterprise Application Platform MEAP“ von Tobias Röthlisberger vom vorigen Jahr an. Erste Projekte z.B. MIT, AMGT Mobile und ESTA setzen nun auf der damals vorgestellten SAP Mobile Platform (SMP) auf. Wir möchten aus Entwicklersicht aufzeigen, was die SMP bedeutet, was momentan an Funktionalität (SSO, Push, Offline. Logging, OData) verfügbar ist und anhand von ESTA Mobile ein Beispiel geben, wie sie in mobilen Applikationen eingesetzt werden kann.</p>",
            "speakerIds": [22, 23],
            "common": false
        },
        {
            "id": "2c",
            "title": "C2 - Java 8, die neuen Sprachmittel (Ergebnisse aus VT)",
            "abstract": "<p>Im März 2014 wurde mit Java 8 ein Major-Feature-Release veröffentlicht. Im Rahmen eines Vertiefungsthemas haben wir uns mit den neuen Sprachfeatures von Java 8 auseinandergesetzt. Eine der wichtigsten Neuerungen in Java 8 sind Lambda-Expressions, welche es ermöglichen, Funktionen als Methodenargumente zu übergeben. In Kombination mit dem - ebenfalls neuen - Stream-Interface eröffnen sich dem Java-Entwickler neue Möglichkeiten, um simplen, sauberen und einfach lesbaren Code zu schreiben.</p><p>Dieser Vortrag wird im Stil eines 'Live-Hacking' in die neuen Möglichkeiten von Lamdbda-Expressions und Streams einführen. Auf der Basis von 'vor Java 8'-Code wird live gezeigt, wie durch die Verwendung von Lambdas und Streams der Code kompakter, sauberer und lesbarer wird.</p><ul><li>Übersicht der Neuerungen in Java 8</li><li>Lambda-Expressions</li><li>Streams</li><li>Collectors</li><li>Methoden Referenzen</li></ul>",
            "speakerIds": [24],
            "common": false
        },
        {
            "id": "3c",
            "title": "C3 - Triple Session",
            "abstract": "<h4>1. Rx oder: wie ich lernte, asynchrone Ereignisse zu lieben</h4><p>Mit modernen Nebenläufigkeits-API können einzelne Ereignisse asynchron einfach verarbeitet werden. Die Koordination von mehreren asynchronen Ereignissen stellt hingegen nach wie vor eine Herausforderung dar. Um dieses Problem zu beheben, wurden die Reactive Extensions (Rx) entwickelt: in Rx liegt der Fokus nicht auf einzelnen Ereignissen, sondern auf Ereignis-Quellen, welche sich mittels Funktionen umwandeln lassen. In diesem Talk werde ich einen Überblick zu den Rx geben und zeigen, wie asynchroner Code ausgedruckt werden kann.</p><h4>2. Swift Playgrounds</h4><p>Mit Swift hat Apple an der WWDC 2014 eine neue, moderne Programmiersprache vorgestellt, welche die Entwicklung für iOS und OS X in Zukunft erleichtern soll. Entwickelt wird dabei mit Apples bekannter Entwicklungsumgebung Xcode, die in der aktuellen Version 6 auch die sogenannten 'Swift Playgrounds' einführt. Diese 'Spielplätze' ermöglichen es auf innovative Art und Weise Swift-Code direkt und mit sofortigem Feedback zu testen, was ein besonders effizientes Experimentieren von Ideen und Konzepten aber auch Auffinden von Fehlern ermöglicht. Swift und die Swift Playgrounds werden kurz eingeführt und dann anhand von einem kleinen Beispiel vorgestellt.</p><h4>3. Mit Markupsprachen effizient Dokumente erstellen</h4><p>Die meisten Dokumente erstellen wir mit WYSIWYG Editoren wie Microsoft Word. Warum eigentlich? In zehn Minuten werde ich zwei wesentlichen Schwächen von Word nennen. Danach demonstriere ich live, wie diese Schwächen mit Hilfe der Markupsprache Asciidoc nicht mehr auftreten und wie mit ihr Dokumente erzeugt werden.</p>",
            "speakerIds": [25, 26, 27, 28],
            "common": false
        },
        {
            "id": "4c",
            "title": "C4 - Ruck zuck, zack zack! Mit Angular und Co",
            "abstract": "<p>Um die Web-Frontend Entwicklung hat sich ein ganzes Universum an Libraries und Tools etabliert. Ich möchte anhand eines speziellen Stacks zeigen, wie Web-Applikationen intuitiv und effizient erstellt werden können. Dieser Stack besteht aus angularJS, einem deklarativen und leicht testbaren Javascript MVC Framework. Aus Bootstrap, einem CSS Framework für responsible Design. Ausserdem Spring Boot, für ein annotationsgetriebenes Rest API. Und einem Tool Stack, der effizientes Entwickeln ermöglicht: grunt, bower, yeoman. Dieser Stack eignet sich für ebenso für die Applikationsentwicklung, Rapid Tool Development wie auch für Rapid Prototyping.</p><p>Anstatt eine ausgiebige Einführung in alle Technologien zu zeigen, präsentiere ich einen kompletten Stack, mit dem man erstens so schnell wie möglich den ersten Use-Case umsetzen kann. Und der zweitens auch eine schnelle Weiterentwicklung erlaubt. Vor allem bei Prototyping und entwicklungsunterstützenden Tools hat man weder Zeit noch Budget für lange Konfigurationen, umständliche GUI Entwicklung und zeitraubende Deployment-Rituale. Ganz klar, gilt das auch für die Applikationsentwicklung.</p>",
            "speakerIds": [29],
            "common": false
        },
        {
            "id": "1d",
            "title": "D1 – Web Application und XML Firewalls - was, wie, wo?",
            "abstract": "<p>Die Bedeutung von Web Anwendungen nimmt laufend zu – es werden immer mehr Geschäftsprozesse über diesen Kanal abgewickelt. Die Web Application und XML Firewalls tragen wesentlich zu einem adäquaten Schutz dieser Anwendungen bei.</p><ul><li>Wozu eine Web Application und/oder XML Firewall?</li><li>Welchen Einfluss hat das auf das Entwickeln von Web-Anwendungen?</li><li>Wie funktioniert ein korrektes Login/Logout?</li><li>Was passiert bei der XML-Firewall mit einem WebService Call (SOAP, ReST mit XML/JSon), auf was muss man achten?</li><li>Welche neuen Möglichkeiten hat die Neuzonierung geschaffen um die Sicherheit von Web Anwendungen zu erhöhen?</li></ul>",
            "speakerIds": [32, 10, 33],
            "common": false
        },
        {
            "id": "2d",
            "title": "D2 – Re-booting ESTA mit Spring Boot?",
            "abstract": "<p>Die Konfiguration einfacher ESTA-Anwendungen ist über die Zeit sehr komplex geworden. Es müssen 2 Applikationskontexte mit n XML-Konfigurationen im jeweils richtigem Kontext definiert werden, einen Web- und ein Business-Komponenten-Scan definiert, AOP-Konfiguration für die Environment-Policy erstellt werden. Mit jedem neuen Feature in ESTA könnte diese Liste beliebig erweitert werden.</p><p>Mit dem Spring Framework 4.0 Release wurde Spring Boot vorgestellt. Es soll mittels 'Konvention vor Konfiguration', dem kompletten Verzicht auf XML-Konfiguration und das 'automatische' hinzufügen aller nötigen Klassenbibliotheken eine schlanke und agile Möglichkeit bieten, um u.A. das Erstellen von standalone Spring-Anwendungen zu erleichtern. Mittels 'starter' POMs wird die Maven-Konfiguration vereinfacht und mit Hilfe von einem gekapseltem Tomcat oder Jetty kann auf das Deployment von WAR-Dateien verzichtet werden. Eine komplette Liste der Feature ist unter http://docs.spring.io/spring-boot/docs/current-SNAPSHOT/reference/htmlsingle zu finden. Der Vortrag soll aufzeigen, welche Features in Spring Boot enthalten sind, wie diese die Entwicklung von Anwendungen vereinfachen und wo die Konfiguration von ESTA vereinfacht werden könnte, falls für ESTA einige Feature von Spring Boot verwendet würden.</p><p>Der Vortrag soll primär eine Einführung in Spring Boot sein und kurz die möglichen Auswirkungen in ESTA aufzeigen.",
            "speakerIds": [34, 35, 7],
            "common": false
        },
        {
            "id": "3d",
            "title": "D3 – CQRS und EventSourcing.. oder ein etwas anderes Architekturmuster",
            "abstract": "<p>Die Anwendungsentwicklung von Individualsoftware bei den SBB orientiert sich weitgehen am klassischen vertikalen Schichtenmodell. Dieses Modell verletzt in der Regel das Single Responsibility Prinzip  auf Ebene der Softwarearchitektur. Mit CQRS stellen wir ein alternatives Konzept vor, welches durch die Aufteilung des Datenmodells in ein Domänenmodell und ein Abfragemodell zu erheblichen Vereinfachungen in der fachlichen und technischen Komplexität führt.</p><p>Manchmal interessiert uns nicht nur der aktuelle Systemzustand sondern auch der Weg dorthin. EventSourcing nimmt sich genau dieses Aspekts an und speichert den Zustand des Systems indirekt als Sequenz von aufeinander folgenden, unabhängigen Events. Auf diese Weise ist es jederzeit möglich, einen x-beliebigen Zustand in der Vergangenheit zu rekonstruieren.</p><p>Kombiniert man beide Ansätze ensteht daraus ein alternatives Architektur-Muster, welches einiges an Potential beinhaltet – auch für die SBB IT.</p><p>Anhand von Anwendungsfällen und praktischen Code-Beispielen wird das Muster näher vorgestellt.</p>",
            "speakerIds": [37, 38],
            "common": false
        },
        {
            "id": "4d",
            "title": "D4 – Architekturkonformität - wie misst man Architektur?",
            "abstract": "<p>Die Definition einer Zielarchitektur ist Kernkompetenzen eines Softwarearchiteken. Gemäss dem Motto 'You care about what you measure' ist es aber wünschenswert, die Einhaltung der definierten Architektur auch überprüfen zu können. Wie aber lässt sich Architektur messen und welche Risiken werden damit adressiert und hoffentlich mitigiert? In einem kurzen Überblick dazu werden Motivation und Ziele von Architekturmessungen aufgezeigt sowie die betrachteten Qualitätsaspekte und deren Kostenwirksamkeit beleuchtet.</p><p>Anhand eines konkreten Fallbeispiels - der Messung der Anwendungsarchitektur Guidelines innerhalb der Domäne MVP im IT-SCP - wird eine konkrete Umsetzung von Architekturkonformitätsmessung mit dem Werkzeug Sonargraph anhand der folgenden Fragen diskutiert:</p><ul><li>Nach welchen Regeln wird gemessen, was wird gemessen, welche Ergebnisse liegen vor?</li><li>Wie ist der Stand bezüglich Scope und Automatisierung? Was wären sinnvolle weitere Ausbauschritte?</li><li>Wo liegen die Grenzen, was konnte bisher nicht gemessen werden?</li></ul>",
            "speakerIds": [39],
            "common": false
        },
        {
            "id": "1e",
            "title": "E1 – Triple Session",
            "abstract": "<h4>1. Qualitätssicherung der Datenmigration mit Infomatica DVO</h4><p>Immer wenn Daten bewegt und verändert werden, sei es über Schnittstellen oder in Datenmigrationen, können sich Fehler einschleichen. Der Validierung der Daten wird in der Regel zu wenig Aufmerksamkeit geschenkt, da dies oft mit zusätzlichem und manuellem Aufwand verbunden ist. Die ETL-Plattform bietet mit der Informatica PowerCenter Data Validation Option (DVO) eine Funktionalität, um Daten mit wesentlich geringerem Aufwand, ohne Programmierung und besserer Nachvollziehbarkeit als mit manuell erstellten Scripts zu validieren. Die Lösung eignet sich nicht nur während der Testphase, sondern auch zur periodischen Überwachung der Datenqualität in der Produktion. In diesem Kurzreferat werden Erstellung und Durchführung von Testfällen live demonstriert sowie Stärken und Schwächen aus ersten Projekteinsätzen vermittelt.</p><h4>2. ....implements SBB Maps</h4><ul><li>Wie verwende ich SBBmaps in meiner Applikation?</li><li>Code-Beispiele, einmal basic und einmal mit Navigationsfunktion</li><li>Was macht eine Geo Daten Plattform ausser SBBmaps zu produzieren?</li></ul><p>Die OpenGIS Architektur beinhaltet auch folgende Komponenten:</p><ul><li>Service Katalog (2 konkrete Beispiele, Bahnplan und Luftbilder)</li><li>Service Publikation</li><li>Service Portal (Mini-Demo: Kombination von internen und externen Geo Web Services)</li></ul><h4>3. Die 'richtige' Architektur PAIP - warum nicht OSGi?</h4><p>Im Rahmen von PAIP (Prozessalignment Intervallplanung) werden Prozesse und Software für die Intervallplanung grundlegend geändert und an die neuen Anforderungen angepasst. Bisher wurde dafür das Teilverfahren „INTO“ innerhalb von NeTS verwendet. Aufgrund der bekannten Anforderungen steht fest, dass auch die neue Lösung eine Individualentwicklung auf Basis von Java EE sein wird. Im Rahmen von Studien wurde der Rahmen dafür abgesteckt.</p><p>In dem folgenden Kurzvortrag wird auf die folgenden Fragen eingegangen:</p><ul><li>Kann die Chance für Modularisierung der NeTS-Applikation genutzt werden?</li><li>Welche Modularisierung? Welche Ebenen von Modularisierung gibt es?</li><li>Welche technischen Lösungen gibt es für die Modularisierung?</li><li>Was spricht für OSGi? Was dagegen?</li><li>Weshalb haben wir uns gegen OSGi entschieden?</li><li>Wie geht es weiter?</li></ul>",
            "speakerIds": [40, 41, 42],
            "common": false
        },
        {
            "id": "2e",
            "title": "E2 - Model-Driven Engineering (MDE)",
            "abstract": "<p>Model Driven Engineering (MDE) war und ist ein weites Gebiet. Ursprünglich definierte die OMG mit ihrem MDA Ansatz (http://www.omg.org/mda/) wie man bspw. aus einem UML2 Modell konkreten Programmcode (z.B. Java) generiert. Das Konzept dahinter ist stets, wie man mehr oder weniger Plattform unabhängige Modelle in Plattform spezifischen Code transformiert.</p><p>Im Vortrag setzen wir die konkrete Service-Architektur der MVP Anwendungslandschaft als 'neuralgischen Punkt' in Sachen Code-Generierung ins Zentrum und stellen einen Generator vor, der durch IT-SCP entwickelt wurde und auch für neue strategische Anwendungsservices eingesetzt wird. Dabei setzen wir folgende Schwerpunkte:</p><ul><li>Modellierung von technischen Anwendungsservices in UML2</li><li>Demonstration des Generators für ESTA basierte Services</li><li>Anleitung zum Generatorbau (Sparx EA, Model2Text, eclipse EMF, eclipse UML, OCL)</li><li>Nutzen für nachhaltige Entwicklungen (Feedback von Usern)</li><li>Weiteres Potential für Generatoren in der SBB</li></ul>",
            "speakerIds": [43, 44],
            "common": false
        },
        {
            "id": "3e",
            "title": "E3 – Next Generation Enterprise Application Plattforms",
            "abstract": "<p>Wie könnte eine nächste Generation von Anwendungsplattformen für Enterpriseanwendungen ausschauen? Wohin können wir uns entwicken? Wie können wir sowohl die steigende Komplexität des Umfelds (Libraries, Schnittstellen) alsauch sich ändernde betriebliche Rahmenbedingungen wie Cloud oder Devops und Anfoderungen an Skalierbarkeit und niedrigere Betriebskosten berücksichtigen?</p><p>Mit vermehrten Alternativen zu einer durchgenden transaktionalen Verarbeitung, kleineren Workunits, damit verbunderener höhere Skalierbarkeit werden auch optionen jenseits der monolithischen JEE Anwendungen frei. Dazu kommt ein schrittweiser Abbau von Rollen im Entwicklungsprozess durch verbesserte Tools und Automation. Dies öffnet Optionen jenseits der heutigen JEE Server.</p><p>In diesem Vortrag wird die Geschichte der Plattformen mit denen wir heute arbeiten (JEE Server) aus der transaktionalen Abarbeitung von Anfragen und einer starken horizontralen Rollentrennung heraus beleuchtet und Alteranativen in anderen Bereichen gegenübergestellt. Es wird auf die tatsächliche und auf eine sinnvolle Rollentrennung und die sich daraus ergebenden Divergenzen zum Desgin von JEE Servern eingegangen.</p><p>Aus dieser Geschichte heraus und aus den oben genannten Anfoderungen wird auf einen meiner Meinung nach zukunftsweisendsten Weg für Enterpriseplattformen eingegangen.</p>",
            "speakerIds": [45],
            "common": false
        },
        {
            "id": "4e",
            "title": "E4 – Software ausrollen gestern, heute und morgen",
            "abstract": "<p>Softwareentwicklung ist heute agil: Agile Methoden brauchen aber schnelle und reproduzierbare Releases.</p><p>Die Mechanismen, um Software zu releasen, entwickelten sich darum in den letzten Jahren weg von lokalen Builds hin zu Releases über die CI.</p><p>Diese CI-Pipeline wird momentan zu einer Continuous Delivery (CD)-Pipeline ausgebaut. In diesem Vortrag wollen wir euch diese Verlängerung der Build-Pipeline vorstellen, welche, durch die Automatisierung von manuellen Delivery-Schritten, auch verbreitert wird.</p><p>Desweiteren skizzieren wir mögliche Releases von übermorgen: Applikationen werden in LinuX-Containern (LXC) entwickelt, getestet und als leicht-gewichtige Images bereitgestellt.</p>",
            "speakerIds": [46, 47, 48],
            "common": false
        },
        {
            "id": "outro",
            "title": "Abschluss Developer Day 2014",
            "abstract": "",
            "speakerIds": [51],
            "common": true
        },
        {
            "id": "apero",
            "title": "Apéro",
            "abstract": "",
            "speakerIds": [],
            "common": true
        }
    ],
    "tracks": [
        {
            "id": "coretec",
            "title": "Core Tec",
            "presentations": [
                {
                    "id": 5,
                    "talkId": "intro",
                    "time": {
                        "start": "09:00",
                        "end": "09:20"
                    },
                    "roomId": "2"
                },
                {
                    "id": 10,
                    "talkId": "keynote1",
                    "time": {
                        "start": "09:20",
                        "end": "10:10"
                    },
                    "roomId": "2"
                },
                {
                    "id": 15,
                    "talkId": "pause",
                    "time": {
                        "start": "10:10",
                        "end": "10:35"
                    },
                    "roomId": "2"
                },
                {
                    "id": 100,
                    "talkId": "1a",
                    "time": {
                        "start": "10:35",
                        "end": "11:20"
                    },
                    "roomId": "1"
                },
                {
                    "id": 101,
                    "talkId": "1b",
                    "time": {
                        "start": "11:30",
                        "end": "12:15"
                    },
                    "roomId": "3"
                },
                {
                    "id": 30,
                    "talkId": "mittagessen",
                    "time": {
                        "start": "12:15",
                        "end": "13:25"
                    },
                    "roomId": "2"
                },
                {
                    "id": 102,
                    "talkId": "1c",
                    "time": {
                        "start": "13:25",
                        "end": "14:10"
                    },
                    "roomId": "1"
                },
                {
                    "id": 103,
                    "talkId": "1d",
                    "time": {
                        "start": "14:20",
                        "end": "15:05"
                    },
                    "roomId": "2"
                },
                {
                    "id": 45,
                    "talkId": "pause",
                    "time": {
                        "start": "15:05",
                        "end": "15:30"
                    },
                    "roomId": "2"
                },
                {
                    "id": 104,
                    "talkId": "1e",
                    "time": {
                        "start": "15:30",
                        "end": "16:15"
                    },
                    "roomId": "4"
                },
                {
                    "id": 55,
                    "talkId": "keynote2",
                    "time": {
                        "start": "16:25",
                        "end": "17:00"
                    },
                    "roomId": "2"
                },
                {
                    "id": 60,
                    "talkId": "outro",
                    "time": {
                        "start": "17:00",
                        "end": "17:10"
                    },
                    "roomId": "2"
                },
                {
                    "id": 65,
                    "talkId": "apero",
                    "time": {
                        "start": "17:10",
                        "end": "18:45"
                    },
                    "roomId": "2"
                }
            ]
        },
        {
            "id": "javatec",
            "title": "Java Tec",
            "presentations": [
                {
                    "id": 5,
                    "talkId": "intro",
                    "time": {
                        "start": "09:00",
                        "end": "09:20"
                    },
                    "roomId": "2"
                },
                {
                    "id": 10,
                    "talkId": "keynote1",
                    "time": {
                        "start": "09:20",
                        "end": "10:10"
                    },
                    "roomId": "2"
                },
                {
                    "id": 15,
                    "talkId": "pause",
                    "time": {
                        "start": "10:10",
                        "end": "10:35"
                    },
                    "roomId": "2"
                },
                {
                    "id": 200,
                    "talkId": "2a",
                    "time": {
                        "start": "10:35",
                        "end": "11:20"
                    },
                    "roomId": "2"
                },
                {
                    "id": 201,
                    "talkId": "2b",
                    "time": {
                        "start": "11:30",
                        "end": "12:15"
                    },
                    "roomId": "1"
                },
                {
                    "id": 30,
                    "talkId": "mittagessen",
                    "time": {
                        "start": "12:15",
                        "end": "13:25"
                    },
                    "roomId": "2"
                },
                {
                    "id": 202,
                    "talkId": "2c",
                    "time": {
                        "start": "13:25",
                        "end": "14:10"
                    },
                    "roomId": "3"
                },
                {
                    "id": 203,
                    "talkId": "2d",
                    "time": {
                        "start": "14:20",
                        "end": "15:05"
                    },
                    "roomId": "3"
                },
                {
                    "id": 45,
                    "talkId": "pause",
                    "time": {
                        "start": "15:05",
                        "end": "15:30"
                    },
                    "roomId": "2"
                },
                {
                    "id": 204,
                    "talkId": "2e",
                    "time": {
                        "start": "15:30",
                        "end": "16:15"
                    },
                    "roomId": "1"
                },
                {
                    "id": 55,
                    "talkId": "keynote2",
                    "time": {
                        "start": "16:25",
                        "end": "17:00"
                    },
                    "roomId": "2"
                },
                {
                    "id": 60,
                    "talkId": "outro",
                    "time": {
                        "start": "17:00",
                        "end": "17:10"
                    },
                    "roomId": "2"
                },
                {
                    "id": 65,
                    "talkId": "apero",
                    "time": {
                        "start": "17:10",
                        "end": "18:45"
                    },
                    "roomId": "2"
                }
            ]
        },
        {
            "id": "beyondnow",
            "title": "Beyond Now",
            "presentations": [
                {
                    "id": 5,
                    "talkId": "intro",
                    "time": {
                        "start": "09:00",
                        "end": "09:20"
                    },
                    "roomId": "2"
                },
                {
                    "id": 10,
                    "talkId": "keynote1",
                    "time": {
                        "start": "09:20",
                        "end": "10:10"
                    },
                    "roomId": "2"
                },
                {
                    "id": 15,
                    "talkId": "pause",
                    "time": {
                        "start": "10:10",
                        "end": "10:35"
                    },
                    "roomId": "2"
                },
                {
                    "id": 300,
                    "talkId": "3a",
                    "time": {
                        "start": "10:35",
                        "end": "11:20"
                    },
                    "roomId": "3"
                },
                {
                    "id": 301,
                    "talkId": "3b",
                    "time": {
                        "start": "11:30",
                        "end": "12:15"
                    },
                    "roomId": "2"
                },
                {
                    "id": 30,
                    "talkId": "mittagessen",
                    "time": {
                        "start": "12:15",
                        "end": "13:25"
                    },
                    "roomId": "2"
                },
                {
                    "id": 302,
                    "talkId": "3c",
                    "time": {
                        "start": "13:25",
                        "end": "14:10"
                    },
                    "roomId": "5"
                },
                {
                    "id": 303,
                    "talkId": "3d",
                    "time": {
                        "start": "14:20",
                        "end": "15:05"
                    },
                    "roomId": "1"
                },
                {
                    "id": 45,
                    "talkId": "pause",
                    "time": {
                        "start": "15:05",
                        "end": "15:30"
                    },
                    "roomId": "2"
                },
                {
                    "id": 304,
                    "talkId": "3e",
                    "time": {
                        "start": "15:30",
                        "end": "16:15"
                    },
                    "roomId": "2"
                },
                {
                    "id": 55,
                    "talkId": "keynote2",
                    "time": {
                        "start": "16:25",
                        "end": "17:00"
                    },
                    "roomId": "2"
                },
                {
                    "id": 60,
                    "talkId": "outro",
                    "time": {
                        "start": "17:00",
                        "end": "17:10"
                    },
                    "roomId": "2"
                },
                {
                    "id": 65,
                    "talkId": "apero",
                    "time": {
                        "start": "17:10",
                        "end": "18:45"
                    },
                    "roomId": "2"
                }
            ]
        },
        {
            "id": "engineeringarts",
            "title": "Engineering Arts",
            "presentations": [
                {
                    "id": 5,
                    "talkId": "intro",
                    "time": {
                        "start": "09:00",
                        "end": "09:20"
                    },
                    "roomId": "2"
                },
                {
                    "id": 10,
                    "talkId": "keynote1",
                    "time": {
                        "start": "09:20",
                        "end": "10:10"
                    },
                    "roomId": "2"
                },
                {
                    "id": 15,
                    "talkId": "pause",
                    "time": {
                        "start": "10:10",
                        "end": "10:35"
                    },
                    "roomId": "2"
                },
                {
                    "id": 400,
                    "talkId": "4a",
                    "time": {
                        "start": "10:35",
                        "end": "11:20"
                    },
                    "roomId": "4"
                },
                {
                    "id": 401,
                    "talkId": "4b",
                    "time": {
                        "start": "11:30",
                        "end": "12:15"
                    },
                    "roomId": "5"
                },
                {
                    "id": 30,
                    "talkId": "mittagessen",
                    "time": {
                        "start": "12:15",
                        "end": "13:25"
                    },
                    "roomId": "2"
                },
                {
                    "id": 402,
                    "talkId": "4c",
                    "time": {
                        "start": "13:25",
                        "end": "14:10"
                    },
                    "roomId": "2"
                },
                {
                    "id": 403,
                    "talkId": "4d",
                    "time": {
                        "start": "14:20",
                        "end": "15:05"
                    },
                    "roomId": "5"
                },
                {
                    "id": 45,
                    "talkId": "pause",
                    "time": {
                        "start": "15:05",
                        "end": "15:30"
                    },
                    "roomId": "2"
                },
                {
                    "id": 404,
                    "talkId": "4e",
                    "time": {
                        "start": "15:30",
                        "end": "16:15"
                    },
                    "roomId": "3"
                },
                {
                    "id": 55,
                    "talkId": "keynote2",
                    "time": {
                        "start": "16:25",
                        "end": "17:00"
                    },
                    "roomId": "2"
                },
                {
                    "id": 60,
                    "talkId": "outro",
                    "time": {
                        "start": "17:00",
                        "end": "17:10"
                    },
                    "roomId": "2"
                },
                {
                    "id": 65,
                    "talkId": "apero",
                    "time": {
                        "start": "17:10",
                        "end": "18:45"
                    },
                    "roomId": "2"
                }
            ]
        }
    ],
    "rooms": [
        {
            "id": 1,
            "name": "Falco"
        },
        {
            "id": 2,
            "name": "Pavillon"
        },
        {
            "id": 3,
            "name": "Buteo"
        },
        {
            "id": 4,
            "name": "Fringilla"
        },
        {
            "id": 5,
            "name": "Cuculus"
        }
    ]
}
